Date,平安银行,万科A,格力电器,华东医药,东方雨虹,宇通客车
2011-01-04,5.491,7.418,7.004,15.301,9.705,5.859
2011-01-05,5.46,7.444,6.934,16.316,9.945,5.748
2011-01-06,5.419,7.452,6.957,16.175,10.017,6.224
2011-01-07,5.624,7.494,6.823,15.583,9.664,6.305
2011-01-10,5.477,7.368,6.726,15.037,9.462,6.299
2011-01-11,5.549,7.612,6.63,14.671,9.243,6.238
2011-01-12,5.621,7.646,6.607,14.435,9.421,6.325
2011-01-13,5.6,7.536,6.657,15.155,9.243,6.389
2011-01-14,5.481,7.629,6.603,15.446,9.328,6.358
2011-01-17,5.271,7.098,6.318,14.482,8.759,6.024
2011-01-18,5.258,7.039,6.264,14.482,8.797,5.951
2011-01-19,5.309,7.199,6.395,14.661,9.121,6.361
2011-01-20,5.114,6.862,6.221,14.68,8.69,6.205
2011-01-21,5.193,7.064,6.248,14.045,8.781,6.297
2011-01-24,5.158,7.123,6.225,12.841,8.547,6.213
2011-01-25,5.199,7.157,6.348,13.072,8.247,6.093
2011-01-26,5.23,7.174,6.456,13.387,8.428,6.093
2011-01-27,5.254,6.997,6.576,13.471,8.719,6.517
2011-01-28,5.21,6.963,6.611,14.177,8.707,6.756
2011-01-31,5.247,6.913,6.641,14.224,8.873,6.974
2011-02-01,5.292,6.896,6.568,14.426,8.802,6.963
2011-02-09,5.227,6.761,6.691,14.525,8.957,6.873
2011-02-10,5.295,6.896,7.073,14.661,9.083,7.213
2011-02-11,5.313,6.963,7.089,15.042,9.023,7.169
2011-02-14,5.484,7.25,7.324,14.812,9.083,7.213
2011-02-15,5.422,7.233,7.354,14.544,9.054,7.266
2011-02-16,5.443,7.191,7.428,14.487,9.064,7.458
2011-02-17,5.477,7.056,7.324,14.332,9.529,7.411
2011-02-18,5.477,7.039,7.135,14.398,9.529,7.322
2011-02-21,5.474,7.081,7.586,14.398,9.564,7.38
2011-02-22,5.302,6.845,7.528,14.059,9.162,7.185
2011-02-23,5.34,6.87,7.466,14.506,9.124,7.244
2011-02-24,5.333,6.887,7.566,14.243,9.362,7.06
2011-02-25,5.446,6.854,7.759,13.975,9.417,7.088
2011-02-28,5.46,6.879,8.175,13.913,9.328,7.431
2011-03-01,5.498,6.997,8.118,14.036,9.171,7.35
2011-03-02,5.546,6.913,8.268,14.341,9.143,7.33
2011-03-03,5.621,6.904,7.971,13.923,8.845,7.305
2011-03-04,5.717,7.031,8.326,13.622,8.785,7.414
2011-03-07,5.738,7.064,8.707,13.631,8.971,7.447
2011-03-08,5.707,7.191,8.742,13.476,9.026,7.573
2011-03-09,5.72,7.191,8.653,13.838,9.04,7.601
2011-03-10,5.57,7.166,8.573,14.111,9.088,7.336
2011-03-11,5.501,7.022,8.472,14.04,9.266,7.205
2011-03-14,5.542,6.997,8.499,14.482,9.367,7.041
2011-03-15,5.429,6.896,8.249,14.341,9.043,7.155
2011-03-16,5.467,6.955,8.364,14.106,9.09,7.093
2011-03-17,5.385,6.896,8.137,14.102,8.807,6.904
2011-03-18,5.426,6.913,8.26,13.683,8.921,6.937
2011-03-21,5.405,6.997,8.307,13.448,9.131,7.01
2011-03-22,5.487,6.997,8.307,13.297,9.109,7.038
2011-03-23,5.518,7.166,8.65,13.297,9.109,7.085
2011-03-24,5.477,7.157,8.68,13.547,9.028,7.066
2011-03-25,5.573,7.351,9.235,13.26,9.019,7.216
2011-03-28,5.597,7.359,9.278,13.062,8.873,7.105
2011-03-29,5.655,7.317,8.943,12.653,8.719,6.848
2011-03-30,5.614,7.326,8.962,12.531,8.48,6.773
2011-03-31,5.511,7.326,8.734,12.366,8.521,6.807
2011-04-01,5.679,7.435,8.796,12.437,8.521,6.715
2011-04-06,5.827,7.536,8.684,12.178,8.442,6.715
2011-04-07,5.895,7.714,9.108,12.512,8.538,6.559
2011-04-08,5.885,7.714,9.174,12.931,8.666,6.701
2011-04-11,5.837,7.435,8.831,12.935,8.533,6.483
2011-04-12,5.847,7.461,8.75,12.733,8.402,6.464
2011-04-13,6.187,7.528,9.02,12.978,8.421,6.595
2011-04-14,6.235,7.418,8.827,12.813,8.333,6.653
2011-04-15,6.42,7.503,8.692,12.696,8.566,6.514
2011-04-18,6.468,7.553,8.584,12.461,8.59,6.614
2011-04-19,6.317,7.402,8.503,12.479,8.354,6.547
2011-04-20,6.193,7.275,8.53,13.316,8.38,6.667
2011-04-21,6.211,7.317,8.534,13.415,8.33,6.715
2011-04-22,6.121,7.208,8.777,13.166,8.409,6.572
2011-04-25,6.197,7.182,8.619,13.297,8.44,6.469
2011-04-26,6.313,7.208,8.418,13.006,8.121,6.547
2011-04-27,6.265,7.081,8.357,12.362,7.985,6.352
2011-04-28,6.382,7.005,8.245,11.746,7.366,6.16
2011-04-29,6.238,7.149,8.472,11.943,7.606,6.277
2011-05-03,6.245,7.166,8.588,12.357,7.587,6.336
2011-05-04,6.121,7.022,8.364,12.272,7.454,6.141
2011-05-05,6.077,7.039,8.407,12.696,7.525,6.116
2011-05-06,6.012,6.997,8.407,13.072,7.644,6.018
2011-05-09,6.012,7.005,8.804,13.062,7.718,5.951
2011-05-10,6.012,7.014,8.9,12.855,7.73,6.04
2011-05-11,6.012,6.989,8.862,12.696,8.123,5.999
2011-05-12,6.012,6.946,8.962,12.865,7.921,5.909
2011-05-13,6.056,7.005,8.923,12.865,7.956,5.979
2011-05-16,5.878,7.056,8.858,12.418,8.011,5.897
2011-05-17,6.121,7.081,8.796,12.075,7.999,5.925
2011-05-18,6.207,7.09,8.904,12.117,7.968,6.151
2011-05-19,6.145,6.963,8.788,12.409,7.98,6.095
2011-05-20,6.286,6.946,9.074,12.508,7.98,6.01
2011-05-23,6.135,6.769,8.661,12.272,7.706,5.903
2011-05-24,6.224,6.769,8.557,12.366,7.558,5.945
2011-05-25,6.224,6.634,8.391,11.755,7.568,5.971
2011-05-26,6.097,6.66,8.31,11.426,7.385,5.973
2011-05-27,6.032,6.745,8.283,11.139,7.082,5.925
2011-05-30,6.022,6.66,8.249,11.37,7.123,5.917
2011-05-31,6.053,6.694,8.378,11.661,7.201,6.061
2011-06-01,5.974,6.677,8.456,11.6,7.251,6.324
2011-06-02,5.724,6.591,8.327,11.304,7.123,6.236
2011-06-03,5.727,6.651,8.479,11.497,7.261,6.296
2011-06-07,5.775,6.668,8.565,11.638,7.358,6.197
2011-06-08,5.72,6.916,8.647,11.567,7.861,6.174
2011-06-09,5.672,6.745,8.358,11.473,7.663,6.002
2011-06-10,5.666,6.831,8.214,11.379,7.725,6.081
2011-06-13,5.59,6.745,8.214,11.318,7.552,6.129
2011-06-14,5.659,6.976,8.538,11.356,7.706,6.143
2011-06-15,5.573,6.89,8.378,11.346,7.591,6.036
2011-06-16,5.474,6.822,8.3,11.229,7.874,5.968
2011-06-17,5.446,6.873,8.307,11.214,7.711,5.843
2011-06-20,5.491,6.984,8.303,11.102,7.538,5.824
2011-06-21,5.58,7.061,8.64,10.984,7.754,6.05
2011-06-22,5.573,7.018,8.761,10.716,7.653,5.954
2011-06-23,5.69,7.061,8.89,10.782,7.84,6.112
2011-06-24,5.823,7.155,9.101,11.163,8.081,6.411
2011-06-27,5.858,7.078,9.07,11.285,8.081,6.493
2011-06-28,5.84,7.095,9.093,11.125,8.244,6.411
2011-06-29,5.7,7.07,9.046,11.261,8.013,6.454
2011-06-30,5.851,7.215,9.187,11.412,8.085,6.539
2011-07-01,5.803,7.411,9.183,11.544,8.033,6.431
2011-07-04,6.015,7.437,9.304,11.614,8.153,6.694
2011-07-05,5.964,7.548,9.183,11.849,8.268,6.75
2011-07-06,5.909,7.531,9.058,11.708,8.177,6.748
2011-07-07,5.926,7.488,9.019,12.023,8.1,6.657
2011-07-08,6.005,7.531,9.148,11.887,8.047,6.567
2011-07-11,5.964,7.471,9.179,12.155,8.085,6.62
2011-07-12,5.827,7.257,9.21,12.371,7.898,6.572
2011-07-13,6.012,7.351,9.539,12.371,7.98,6.64
2011-07-14,6.025,7.326,9.441,12.103,8.076,6.615
2011-07-15,6.166,7.198,9.328,12.672,8.215,6.567
2011-07-18,6.149,7.138,9.328,12.757,8.167,6.567
2011-07-19,6.012,7.249,8.937,12.517,8.061,6.352
2011-07-20,6.012,7.232,8.937,12.343,7.941,6.358
2011-07-21,5.888,7.172,8.933,12.366,7.922,6.296
2011-07-22,5.899,7.189,9.222,12.696,7.927,6.279
2011-07-25,5.782,6.95,8.952,12.512,7.471,6.166
2011-07-26,5.906,7.001,8.952,12.602,7.394,6.346
2011-07-27,5.888,6.95,9.285,12.729,7.485,6.327
2011-07-28,5.775,6.924,9.3,12.555,7.447,6.264
2011-07-29,5.943,6.959,9.058,12.39,7.36,6.284
2011-08-01,5.895,7.078,8.991,12.211,7.356,6.375
2011-08-02,5.827,7.061,8.952,12.301,7.471,6.304
2011-08-03,5.779,7.129,8.796,12.272,7.567,6.468
2011-08-04,5.789,7.095,8.796,12.456,7.552,6.428
2011-08-05,5.587,6.984,8.62,12.879,7.452,6.547
2011-08-08,5.484,6.882,8.307,12.832,7.063,6.318
2011-08-09,5.494,7.087,8.432,13.081,6.827,6.267
2011-08-10,5.515,7.206,8.542,12.874,6.818,6.312
2011-08-11,5.631,7.3,8.687,13.152,6.823,6.366
2011-08-12,5.703,7.198,8.62,12.992,6.923,6.315
2011-08-15,5.871,7.257,8.601,13.495,6.923,6.267
2011-08-16,5.844,7.138,8.601,13.321,7.226,6.188
2011-08-17,5.844,7.018,8.515,13.166,7.139,6.185
2011-08-18,5.734,6.95,8.206,12.968,7.0,5.988
2011-08-19,5.69,6.95,8.053,12.992,6.914,5.979
2011-08-22,5.628,6.899,7.866,12.719,6.89,5.843
2011-08-23,5.703,7.018,7.979,12.724,7.039,5.866
2011-08-24,5.618,6.967,8.014,12.733,6.995,5.835
2011-08-25,5.943,7.206,8.335,12.78,7.072,6.036
2011-08-26,5.957,7.155,8.323,12.771,7.207,5.965
2011-08-29,5.731,6.976,8.034,13.029,7.25,5.959
2011-08-30,5.717,6.95,8.034,13.105,7.115,5.962
2011-08-31,5.775,6.959,8.182,13.119,7.077,5.877
2011-09-01,5.803,6.95,8.19,13.307,6.995,5.824
2011-09-02,5.803,6.916,8.131,12.968,7.024,5.736
2011-09-05,5.638,6.856,7.877,12.686,6.914,5.617
2011-09-06,5.607,6.831,7.576,12.569,6.741,5.504
2011-09-07,5.71,6.933,7.733,12.743,6.89,5.575
2011-09-08,5.679,6.916,7.741,12.639,6.827,5.504
2011-09-09,5.648,6.899,7.737,12.912,6.755,5.552
2011-09-13,5.662,6.89,7.651,12.625,6.698,5.547
2011-09-14,5.628,6.899,7.662,12.86,6.842,5.643
2011-09-15,5.676,6.907,7.678,12.757,6.794,5.654
2011-09-16,5.827,6.882,7.678,12.616,6.871,5.617
2011-09-19,5.69,6.643,7.557,12.366,6.568,5.502
2011-09-20,5.738,6.591,7.486,12.296,6.659,5.657
2011-09-21,5.847,6.72,7.741,12.536,6.851,5.781
2011-09-22,5.724,6.369,7.662,12.409,6.65,5.812
2011-09-23,5.696,6.318,7.658,12.338,6.434,5.753
2011-09-26,5.498,6.105,7.561,12.145,6.299,5.702
2011-09-27,5.542,6.122,7.799,12.235,6.299,5.812
2011-09-28,5.484,6.045,7.85,12.272,6.213,5.736
2011-09-29,5.498,6.13,7.721,11.849,5.853,5.685
2011-09-30,5.498,6.182,7.815,11.877,5.882,5.564
2011-10-10,5.313,5.977,7.713,11.656,5.877,5.564
2011-10-11,5.364,6.011,7.408,11.652,5.81,5.468
2011-10-12,5.607,6.267,7.584,11.957,5.982,5.583
2011-10-13,5.604,6.293,7.608,12.225,6.006,5.603
2011-10-14,5.607,6.276,7.608,12.225,5.982,5.606
2011-10-17,5.669,6.267,7.819,12.334,5.944,5.719
2011-10-18,5.491,6.139,7.647,12.437,5.689,5.49
2011-10-19,5.505,6.062,7.459,12.437,5.641,5.479
2011-10-20,5.415,5.994,7.154,11.755,5.358,5.233
2011-10-21,5.494,5.96,6.998,11.656,5.075,5.242
2011-10-24,5.666,6.139,7.275,12.174,5.017,5.377
2011-10-25,5.703,6.318,7.439,12.343,5.185,5.634
2011-10-26,5.741,6.54,7.686,12.282,5.704,5.852
2011-10-27,5.731,6.549,7.694,12.202,5.613,5.88
2011-10-28,5.837,6.754,7.768,12.456,5.728,5.948
2011-10-31,5.786,6.831,7.721,12.884,6.232,5.979
2011-11-01,5.775,6.626,7.584,12.954,6.463,5.999
2011-11-02,5.868,6.745,7.694,13.142,6.578,6.053
2011-11-03,5.786,6.626,7.862,13.504,6.443,6.075
2011-11-04,5.82,6.694,7.967,13.368,6.342,6.024
2011-11-07,5.731,6.557,7.815,13.241,6.342,6.027
2011-11-08,5.738,6.557,7.807,13.156,6.242,5.891
2011-11-09,5.806,6.549,7.838,13.307,6.866,6.013
2011-11-10,5.751,6.463,7.686,13.377,6.923,6.055
2011-11-11,5.679,6.421,7.58,13.25,7.096,6.007
2011-11-14,5.734,6.515,7.815,13.523,7.24,6.18
2011-11-15,5.645,6.446,7.662,13.678,7.091,6.157
2011-11-16,5.494,6.224,7.463,13.41,6.827,6.01
2011-11-17,5.477,6.233,7.428,13.307,6.923,6.123
2011-11-18,5.467,6.054,7.267,13.1,6.539,6.29
2011-11-21,5.467,6.054,7.033,13.025,6.65,6.425
2011-11-22,5.501,6.071,7.076,12.959,6.679,6.397
2011-11-23,5.402,6.054,6.978,13.02,7.115,6.242
2011-11-24,5.429,6.19,7.009,13.185,7.063,6.414
2011-11-25,5.412,6.062,6.978,13.185,7.096,6.267
2011-11-28,5.409,6.036,6.978,13.293,6.842,6.601
2011-11-29,5.47,6.122,6.986,13.486,7.226,6.858
2011-11-30,5.316,6.028,6.802,13.335,6.813,6.748
2011-12-01,5.443,6.31,6.927,13.377,7.125,6.818
2011-12-02,5.467,6.301,6.822,13.124,6.722,6.668
2011-12-05,5.467,6.224,6.806,12.978,6.117,6.564
2011-12-06,5.467,6.318,6.822,12.79,6.184,6.575
2011-12-07,5.501,6.335,6.794,13.062,6.29,6.57
2011-12-08,5.463,6.395,6.646,12.832,6.218,6.448
2011-12-09,5.433,6.438,6.478,12.555,6.059,6.38
2011-12-12,5.429,6.233,6.407,13.02,6.112,6.335
2011-12-13,5.374,6.122,6.411,13.119,6.074,6.369
2011-12-14,5.347,6.062,6.415,12.837,5.579,6.414
2011-12-15,5.158,6.156,6.447,12.884,5.339,6.53
2011-12-16,5.237,6.344,6.658,13.062,5.872,6.753
2011-12-19,5.261,6.344,6.626,13.345,6.117,6.776
2011-12-20,5.254,6.404,6.646,13.349,5.987,6.544
2011-12-21,5.258,6.233,6.716,13.354,5.954,6.555
2011-12-22,5.295,6.335,6.744,13.345,6.165,6.626
2011-12-23,5.285,6.455,6.826,13.377,6.333,6.668
2011-12-26,5.285,6.429,6.724,13.288,6.246,6.725
2011-12-27,5.306,6.293,6.642,12.837,5.747,6.629
2011-12-28,5.244,6.267,6.497,12.691,5.91,6.57
2011-12-29,5.247,6.258,6.595,12.705,5.81,6.516
2011-12-30,5.343,6.378,6.759,12.517,5.877,6.685
2012-01-04,5.196,6.258,6.841,12.037,5.93,6.567
2012-01-05,5.275,6.19,6.931,11.624,5.507,6.51
2012-01-06,5.261,6.113,6.834,11.694,5.598,6.389
2012-01-09,5.409,6.327,7.158,11.953,5.877,6.595
2012-01-10,5.409,6.429,7.271,12.254,6.098,6.798
2012-01-11,5.409,6.369,7.017,12.174,6.093,6.906
2012-01-12,5.409,6.421,6.861,11.957,6.002,6.909
2012-01-13,5.409,6.369,6.861,11.52,5.718,6.773
2012-01-16,5.409,6.293,6.861,10.815,5.646,6.612
2012-01-17,5.409,6.472,6.861,11.323,5.954,6.866
2012-01-18,5.409,6.412,6.923,10.345,5.637,6.798
2012-01-19,5.409,6.651,7.26,10.293,5.478,6.979
2012-01-20,5.751,6.745,7.338,10.74,5.56,6.988
2012-01-30,5.727,6.446,7.178,10.815,5.507,7.087
2012-01-31,5.703,6.532,7.115,10.857,5.406,6.979
2012-02-01,5.638,6.455,7.174,10.862,5.281,7.027
2012-02-02,5.799,6.557,7.271,10.895,5.387,7.245
2012-02-03,5.823,6.651,7.291,10.998,5.55,7.203
2012-02-06,5.768,6.506,7.373,11.012,5.608,7.276
2012-02-07,5.686,6.301,7.213,10.81,5.565,7.09
2012-02-08,5.792,6.48,7.365,11.219,5.67,6.954
2012-02-09,5.792,6.574,7.365,11.05,5.723,7.005
2012-02-10,5.796,6.702,7.412,11.059,5.747,6.951
2012-02-13,5.717,6.574,7.299,11.238,5.81,6.951
2012-02-14,5.69,6.574,7.193,11.384,5.766,6.951
2012-02-15,5.696,6.677,7.224,11.567,5.858,6.951
2012-02-16,5.638,6.651,7.287,11.609,5.742,6.951
2012-02-17,5.638,6.651,7.283,11.595,5.723,6.951
2012-02-20,5.638,6.685,7.436,11.52,5.723,6.951
2012-02-21,5.652,6.762,7.619,11.511,5.838,7.223
2012-02-22,5.696,6.993,7.729,11.642,5.982,7.423
2012-02-23,5.7,6.993,7.698,11.816,5.93,7.36
2012-02-24,5.782,7.266,7.78,11.943,6.074,7.329
2012-02-27,5.799,7.326,7.858,12.225,6.002,7.426
2012-02-28,5.912,7.274,7.76,11.943,5.92,7.823
2012-02-29,5.861,7.07,7.787,11.727,5.795,7.789
2012-03-01,5.906,7.087,8.034,11.52,5.824,7.936
2012-03-02,5.991,7.368,8.292,11.595,5.934,7.973
2012-03-05,5.919,7.266,8.206,11.379,5.862,7.673
2012-03-06,5.81,7.198,8.237,11.332,5.958,7.804
2012-03-07,5.758,7.198,8.292,11.323,5.934,7.886
2012-03-08,5.837,7.351,8.319,11.44,6.386,7.901
2012-03-09,5.782,7.343,8.444,11.652,6.448,7.948
2012-03-12,5.724,7.129,8.315,12.075,6.39,8.12
2012-03-13,5.775,7.274,8.323,11.99,6.472,8.039
2012-03-14,5.648,7.078,8.053,11.986,6.011,7.661
2012-03-15,5.57,7.01,8.034,12.602,5.824,7.564
2012-03-16,5.621,7.061,8.092,12.752,5.958,7.642
2012-03-19,5.604,7.018,7.983,12.602,6.059,7.595
2012-03-20,5.508,6.976,7.995,12.282,5.872,7.457
2012-03-21,5.518,6.984,7.999,12.225,5.891,7.592
2012-03-22,5.549,7.027,8.065,12.108,5.91,7.689
2012-03-23,5.487,6.933,7.995,12.061,5.579,7.467
2012-03-26,5.498,6.848,8.124,11.939,5.512,7.595
2012-03-27,5.508,6.848,8.045,11.896,5.512,7.804
2012-03-28,5.409,6.831,7.705,11.666,5.301,7.511
2012-03-29,5.337,6.993,7.784,11.84,5.262,7.698
2012-03-30,5.385,7.07,7.948,11.708,5.094,7.592
2012-04-05,5.395,7.138,8.155,11.873,5.229,7.867
2012-04-06,5.481,7.155,8.147,11.798,5.334,7.861
2012-04-09,5.398,7.018,8.19,11.581,5.272,7.992
2012-04-10,5.443,7.189,8.311,11.52,5.344,8.076
2012-04-11,5.426,7.249,8.401,11.393,5.32,8.223
2012-04-12,5.597,7.411,8.444,11.633,5.416,8.289
2012-04-13,5.587,7.326,8.495,11.501,5.421,8.201
2012-04-16,5.546,7.317,8.483,11.689,5.406,8.408
2012-04-17,5.481,7.146,8.229,11.826,5.267,8.289
2012-04-18,5.573,7.377,8.448,11.798,5.421,8.314
2012-04-19,5.607,7.334,8.37,11.84,5.373,8.311
2012-04-20,5.683,7.377,8.444,11.807,5.829,8.311
2012-04-23,5.628,7.343,8.425,12.155,5.906,8.117
2012-04-24,5.744,7.368,8.268,12.08,5.723,7.986
2012-04-25,5.779,7.582,8.417,12.075,5.853,8.089
2012-04-26,5.683,7.642,8.432,11.929,5.766,7.907
2012-04-27,5.676,7.667,8.558,11.943,5.656,8.001
2012-05-02,5.751,7.872,8.667,12.348,5.632,8.001
2012-05-03,5.7,7.718,8.593,12.696,5.598,7.667
2012-05-04,5.727,7.872,8.62,12.813,5.622,7.654
2012-05-07,5.69,7.744,8.706,12.973,5.906,7.567
2012-05-08,5.669,7.718,8.667,12.827,5.8,7.573
2012-05-09,5.539,7.625,8.569,12.649,5.843,7.595
2012-05-10,5.529,7.625,8.589,12.921,5.771,7.507
2012-05-11,5.491,7.625,8.444,13.001,5.762,7.295
2012-05-14,5.463,7.616,8.331,13.001,5.766,7.402
2012-05-15,5.491,7.607,8.565,12.931,5.858,7.446
2012-05-16,5.402,7.351,8.425,13.044,5.762,7.459
2012-05-17,5.463,7.411,8.522,13.175,5.848,7.589
2012-05-18,5.388,7.326,8.456,12.799,5.617,7.503
2012-05-21,5.405,7.403,8.495,13.114,5.603,7.513
2012-05-22,5.474,7.693,8.581,13.345,5.694,7.551
2012-05-23,5.474,7.727,8.581,13.171,5.608,7.608
2012-05-24,5.385,7.616,8.495,13.147,5.565,7.598
2012-05-25,5.354,7.556,8.495,13.208,5.776,7.139
2012-05-28,5.419,7.829,8.593,13.166,6.179,7.206
2012-05-29,5.46,7.915,8.69,13.072,6.218,7.377
2012-05-30,5.381,7.949,8.737,12.926,6.218,7.481
2012-05-31,5.378,7.898,8.913,12.931,6.626,7.339
2012-06-01,5.409,7.812,8.827,13.307,6.52,7.383
2012-06-04,5.278,7.718,8.769,12.978,6.424,7.465
2012-06-05,5.23,7.778,8.644,13.072,6.496,7.538
2012-06-06,5.251,7.667,8.612,13.236,6.434,7.507
2012-06-07,5.213,7.65,8.366,13.377,6.583,7.421
2012-06-08,5.076,7.616,8.241,13.396,6.491,7.393
2012-06-11,5.069,7.855,8.378,13.537,6.539,7.643
2012-06-12,4.98,7.872,8.487,13.871,6.722,7.564
2012-06-13,5.086,7.915,8.581,13.899,6.866,7.63
2012-06-14,5.018,7.923,8.425,13.871,6.794,7.788
2012-06-15,5.196,7.778,8.55,13.871,6.683,7.757
2012-06-18,5.213,7.847,8.581,14.055,6.746,7.757
2012-06-19,5.227,7.736,8.464,14.083,6.856,7.437
2012-06-20,5.22,7.71,8.425,13.801,6.803,7.424
2012-06-21,5.107,7.71,8.479,13.862,6.856,7.415
2012-06-25,5.062,7.471,8.307,13.848,6.645,7.241
2012-06-26,5.107,7.642,8.28,13.777,6.559,7.219
2012-06-27,5.093,7.642,8.053,13.448,6.506,7.219
2012-06-28,5.049,7.556,8.128,13.448,6.39,7.048
2012-06-29,5.196,7.607,8.151,14.2,6.53,7.108
2012-07-02,5.193,7.667,8.124,14.666,6.112,6.953
2012-07-03,5.186,7.787,8.444,14.812,6.146,7.035
2012-07-04,5.237,7.778,8.366,14.671,6.213,7.165
2012-07-05,5.206,8.047,8.405,14.595,6.039,7.19
2012-07-06,5.189,8.359,8.581,14.99,6.184,7.177
2012-07-09,5.042,8.367,8.553,14.812,6.233,7.165
2012-07-10,5.11,8.263,8.581,14.934,6.247,7.288
2012-07-11,5.093,8.142,8.621,15.141,6.242,7.418
2012-07-12,5.1,8.341,8.625,15.268,6.17,7.424
2012-07-13,5.134,8.54,8.849,15.705,5.899,7.285
2012-07-16,5.09,8.428,8.717,15.381,5.57,6.988
2012-07-17,5.151,8.489,8.877,15.395,5.778,7.045
2012-07-18,5.145,8.168,8.777,15.094,5.768,6.997
2012-07-19,5.148,8.177,8.701,15.272,5.783,7.086
2012-07-20,5.09,8.055,8.601,15.752,5.749,7.086
2012-07-23,5.076,7.977,8.545,15.418,5.792,6.981
2012-07-24,5.073,8.081,8.513,15.277,5.778,6.988
2012-07-25,5.018,7.882,8.537,15.423,5.773,7.054
2012-07-26,5.021,7.718,8.489,15.362,5.87,6.934
2012-07-27,5.056,7.778,8.397,14.976,5.802,7.022
2012-07-30,5.09,7.796,8.489,14.901,5.667,7.089
2012-07-31,5.175,7.995,8.701,14.699,5.584,7.215
2012-08-01,5.196,8.081,8.717,14.967,5.734,7.358
2012-08-02,5.196,7.536,8.465,15.653,5.628,7.329
2012-08-03,5.193,7.536,8.389,16.786,5.686,7.304
2012-08-06,5.175,7.588,8.445,17.022,5.763,7.333
2012-08-07,5.127,7.648,8.409,16.551,5.889,7.276
2012-08-08,5.155,7.735,8.265,16.434,5.85,7.219
2012-08-09,5.155,7.796,8.449,16.739,5.894,7.32
2012-08-10,5.169,7.614,8.389,16.928,5.879,7.244
2012-08-13,5.151,7.293,8.213,16.725,5.87,7.272
2012-08-14,5.23,7.432,8.213,16.152,5.85,7.209
2012-08-15,5.175,7.423,8.205,16.236,5.691,7.073
2012-08-16,5.11,7.484,8.337,15.569,5.86,7.136
2012-08-17,5.162,7.458,8.345,15.649,5.86,7.082
2012-08-20,5.09,7.362,8.209,16.152,6.059,7.026
2012-08-21,5.069,7.207,8.173,16.312,6.117,7.209
2012-08-22,5.028,7.051,7.921,16.133,6.46,7.348
2012-08-23,5.011,7.025,7.969,16.396,6.392,7.393
2012-08-24,4.925,7.033,8.057,16.316,6.46,7.285
2012-08-27,4.836,6.999,8.121,16.1,6.068,7.25
2012-08-28,4.925,6.929,8.237,15.898,6.049,7.418
2012-08-29,4.894,6.903,8.145,15.94,6.417,7.367
2012-08-30,4.894,6.921,8.089,15.409,6.378,7.364
2012-08-31,4.864,6.947,8.193,15.536,6.281,7.345
2012-09-03,4.87,7.181,8.329,16.641,6.475,7.266
2012-09-04,4.754,7.129,8.305,16.119,6.339,7.367
2012-09-05,4.668,7.207,8.385,15.62,6.286,7.611
2012-09-06,4.706,7.233,8.397,15.616,6.383,7.564
2012-09-07,4.87,7.449,8.585,16.081,6.804,7.706
2012-09-10,4.822,7.458,8.649,16.091,7.128,7.652
2012-09-11,4.805,7.345,8.565,16.462,6.944,7.576
2012-09-12,4.792,7.319,8.469,16.565,7.012,7.602
2012-09-13,4.761,7.293,8.397,16.269,6.857,7.57
2012-09-14,4.816,7.224,8.381,16.542,6.813,7.592
2012-09-17,4.699,6.981,8.253,16.457,6.615,7.424
2012-09-18,4.631,6.938,8.253,16.669,6.673,7.333
2012-09-19,4.572,6.964,8.325,16.415,6.775,7.32
2012-09-20,4.459,6.773,8.205,15.987,6.871,7.269
2012-09-21,4.415,6.765,8.161,15.94,6.63,7.304
2012-09-24,4.425,6.834,8.165,15.996,6.688,7.351
2012-09-25,4.367,6.851,8.165,16.105,6.852,7.285
2012-09-26,4.332,6.747,8.177,15.996,6.804,7.181
2012-09-27,4.466,7.111,8.417,16.109,6.838,7.076
2012-09-28,4.5,7.302,8.557,16.222,6.862,6.889
2012-10-08,4.442,7.068,8.441,16.222,6.862,6.855
2012-10-09,4.555,7.241,8.657,16.645,6.862,6.924
2012-10-10,4.555,7.241,8.665,17.125,6.862,7.016
2012-10-11,4.531,7.181,8.589,16.786,6.925,6.912
2012-10-12,4.555,7.137,8.625,16.645,7.017,6.76
2012-10-15,4.49,7.094,8.685,16.796,6.959,6.836
2012-10-16,4.531,7.085,8.681,16.932,7.041,6.769
2012-10-17,4.579,7.042,8.557,16.946,6.968,6.722
2012-10-18,4.631,7.311,8.689,17.21,6.963,6.867
2012-10-19,4.637,7.293,8.725,16.918,6.91,6.931
2012-10-22,4.651,7.293,8.765,16.928,7.563,6.87
2012-10-23,4.593,7.276,8.629,16.457,7.525,6.836
2012-10-24,4.589,7.302,8.605,16.222,7.317,6.829
2012-10-25,4.561,7.233,8.585,15.747,7.355,6.807
2012-10-26,4.465,7.103,8.461,16.034,7.331,6.76
2012-10-29,4.468,7.12,8.397,15.808,7.351,6.785
2012-10-30,4.52,7.189,8.569,16.246,7.133,6.785
2012-10-31,4.544,7.207,9.242,16.265,7.288,6.747
2012-11-01,4.62,7.44,9.346,16.316,7.36,6.817
2012-11-02,4.672,7.492,9.294,16.222,7.21,6.848
2012-11-05,4.7,7.51,9.322,16.128,7.249,6.908
2012-11-06,4.689,7.458,9.322,15.987,7.273,6.905
2012-11-07,4.679,7.371,9.246,16.076,7.326,6.902
2012-11-08,4.62,7.362,9.21,15.917,7.06,6.877
2012-11-09,4.634,7.259,9.126,15.775,7.031,6.738
2012-11-12,4.703,7.414,9.142,15.371,6.997,6.662
2012-11-13,4.634,7.25,9.033,15.211,6.847,6.507
2012-11-14,4.62,7.25,9.106,15.348,6.828,6.56
2012-11-15,4.541,7.146,9.166,15.517,6.765,6.541
2012-11-16,4.523,7.12,9.106,14.765,6.688,6.399
2012-11-19,4.52,7.085,9.146,15.042,6.61,6.402
2012-11-20,4.517,7.146,9.226,15.023,6.596,6.443
2012-11-21,4.579,7.25,9.234,15.047,6.683,6.459
2012-11-22,4.541,7.259,9.082,15.517,6.61,6.488
2012-11-23,4.579,7.319,9.206,15.728,6.663,6.652
2012-11-26,4.534,7.293,9.041,15.498,6.576,6.582
2012-11-27,4.551,7.328,9.017,15.047,6.412,6.56
2012-11-28,4.52,7.224,9.017,14.807,6.281,6.579
2012-11-29,4.399,7.302,9.065,14.882,6.412,6.586
2012-11-30,4.42,7.579,9.394,14.906,6.557,6.582
2012-12-03,4.337,7.622,9.31,14.835,6.6,6.424
2012-12-04,4.385,7.752,9.198,14.736,6.663,6.494
2012-12-05,4.624,7.917,9.514,15.103,6.983,6.677
2012-12-06,4.665,8.029,9.486,15.131,6.857,6.776
2012-12-07,4.841,7.969,9.021,15.451,6.983,6.795
2012-12-10,4.945,8.09,9.065,15.451,7.196,6.798
2012-12-11,4.872,8.003,9.045,15.286,7.191,6.776
2012-12-12,4.917,8.003,9.142,15.371,7.167,6.776
2012-12-13,4.855,8.073,9.286,15.376,6.983,6.731
2012-12-14,5.242,8.402,9.598,15.376,7.23,6.848
2012-12-17,5.256,8.289,9.686,15.141,7.113,6.962
2012-12-18,5.266,7.986,9.686,15.141,7.031,6.899
2012-12-19,5.242,8.064,9.626,15.752,6.968,7.067
2012-12-20,5.218,8.211,9.938,15.507,7.026,7.276
2012-12-21,5.135,8.168,10.246,15.522,7.133,7.307
2012-12-24,5.152,8.272,10.198,15.823,7.113,7.456
2012-12-25,5.321,8.766,10.326,16.222,7.331,7.535
2012-12-26,5.307,8.766,10.262,16.222,7.496,7.557
2012-12-27,5.345,8.766,10.106,15.982,7.351,7.497
2012-12-28,5.387,8.766,10.166,15.978,7.447,7.674
2012-12-31,5.532,8.766,10.206,15.987,7.38,7.975
2013-01-04,5.521,8.766,10.134,15.841,7.418,7.706
2013-01-07,5.628,8.766,10.55,15.931,7.646,7.855
2013-01-08,5.525,8.766,10.406,16.758,7.844,8.01
2013-01-09,5.476,8.766,10.434,17.482,7.752,7.921
2013-01-10,5.48,8.766,10.358,17.539,8.009,7.826
2013-01-11,5.366,8.766,10.406,16.989,7.863,7.82
2013-01-14,5.901,8.766,10.811,17.478,8.12,8.165
2013-01-15,6.081,8.766,10.847,17.779,8.105,8.158
2013-01-16,6.153,8.766,10.658,17.868,8.168,8.165
2013-01-17,6.126,8.766,10.646,17.732,7.955,8.2
2013-01-18,6.329,8.766,11.327,18.268,7.926,8.611
2013-01-21,6.802,9.641,11.491,18.098,7.936,8.864
2013-01-22,7.072,10.186,11.247,18.023,7.873,8.779
2013-01-23,6.923,10.126,11.343,17.492,7.786,8.567
2013-01-24,6.716,10.351,11.275,17.539,7.52,8.465
2013-01-25,6.613,10.134,11.323,18.018,7.549,8.766
2013-01-28,7.276,10.446,11.647,18.71,7.849,8.81
2013-01-29,7.383,10.576,11.767,18.474,7.83,8.807
2013-01-30,7.365,10.974,11.755,18.15,7.815,8.703
2013-01-31,7.286,10.403,11.715,17.868,7.859,8.706
2013-02-01,7.745,10.359,11.859,18.174,7.743,8.677
2013-02-04,7.6,10.307,11.647,17.774,7.515,8.81
2013-02-05,7.521,10.68,11.687,18.15,7.651,8.893
2013-02-06,7.548,10.533,11.531,18.338,7.713,8.88
2013-02-07,7.2,10.29,11.639,18.611,7.781,9.124
2013-02-08,7.165,10.42,11.891,18.766,7.951,9.437
2013-02-18,7.217,10.134,11.711,18.644,7.931,9.203
2013-02-19,7.186,9.701,11.415,18.202,7.646,9.029
2013-02-20,7.01,9.909,11.491,19.058,7.728,9.019
2013-02-21,6.768,9.796,11.207,18.338,7.433,8.605
2013-02-22,6.602,9.805,11.031,18.305,7.501,8.605
2013-02-25,6.91,9.537,11.211,18.474,7.568,8.728
2013-02-26,7.2,9.372,11.027,18.479,7.355,8.45
2013-02-27,7.258,9.805,11.179,17.774,7.297,8.383
2013-02-28,7.942,10.394,11.627,17.981,7.588,8.728
2013-03-01,7.963,10.429,11.871,18.714,7.646,8.703
2013-03-04,7.51,9.389,11.351,19.448,7.06,8.276
2013-03-05,8.263,9.433,11.323,20.139,7.065,8.459
2013-03-06,8.374,9.658,11.191,20.125,7.113,8.434
2013-03-07,8.197,9.71,10.975,19.791,7.297,8.31
2013-03-08,7.894,9.493,11.031,19.373,7.201,8.222
2013-03-11,7.814,9.623,11.067,19.763,7.254,8.212
2013-03-12,7.5,9.718,10.947,19.279,7.147,8.124
2013-03-13,7.628,9.485,10.69,19.053,7.002,7.893
2013-03-14,7.483,9.355,10.851,20.003,6.915,7.943
2013-03-15,7.666,9.078,11.127,20.689,6.925,8.336
2013-03-18,7.372,9.259,11.007,20.454,6.751,8.127
2013-03-19,7.424,9.485,10.903,20.266,6.78,8.285
2013-03-20,7.976,9.718,11.427,19.984,7.041,8.516
2013-03-21,7.928,9.537,11.611,19.711,7.113,8.494
2013-03-22,7.952,9.528,11.607,19.923,7.138,8.532
2013-03-25,7.859,9.649,11.447,19.716,7.055,8.63
2013-03-26,7.645,9.632,11.415,19.584,7.133,8.962
2013-03-27,7.648,9.744,11.619,20.642,7.089,9.14
2013-03-28,6.913,9.493,11.583,20.2,6.828,9.114
2013-03-29,6.947,9.32,11.435,20.106,6.799,9.054
2013-04-01,7.041,9.528,11.627,20.501,6.959,8.965
2013-04-02,7.058,9.701,11.507,19.608,7.201,8.871
2013-04-03,7.061,9.701,11.487,19.288,7.113,8.763
2013-04-08,6.882,9.511,11.587,19.612,7.138,8.617
2013-04-09,6.885,9.519,11.523,18.766,7.428,8.734
2013-04-10,6.699,9.563,10.855,17.976,7.355,8.598
2013-04-11,6.702,9.528,10.694,18.061,7.273,8.687
2013-04-12,6.526,9.459,10.486,18.065,7.186,8.627
2013-04-15,6.409,9.554,10.654,17.995,7.302,8.614
2013-04-16,6.474,10.082,10.763,18.366,7.53,8.766
2013-04-17,6.385,10.091,10.807,19.175,7.694,9.016
2013-04-18,6.595,10.134,10.815,18.931,7.636,9.111
2013-04-19,6.989,10.316,11.071,18.808,7.762,9.102
2013-04-22,6.985,10.126,10.622,19.608,7.743,9.127
2013-04-23,6.588,9.77,10.238,19.354,7.588,9.076
2013-04-24,6.699,9.788,10.446,19.358,7.743,8.956
2013-04-25,6.502,9.511,10.446,18.808,7.839,8.728
2013-04-26,6.457,9.554,10.406,18.338,7.646,8.725
2013-05-02,6.53,9.822,10.422,17.962,7.626,8.696
2013-05-03,6.813,9.866,10.658,18.197,7.854,9.181
2013-05-06,7.013,9.805,10.755,18.573,7.931,9.238
2013-05-07,6.992,10.03,10.694,18.921,7.912,9.488
2013-05-08,7.037,10.169,10.931,19.326,8.009,9.459
2013-05-09,6.951,10.039,10.735,19.227,7.801,10.152
2013-05-10,6.972,10.178,10.787,19.26,7.839,10.269
2013-05-13,6.878,10.065,10.51,18.743,7.772,10.279
2013-05-14,6.661,9.805,10.106,18.343,7.534,10.197
2013-05-15,6.664,9.796,10.21,18.503,7.994,10.895
2013-05-16,7.013,10.298,10.246,18.907,8.376,10.499
2013-05-17,7.041,10.703,10.362,19.391,8.783,10.563
2013-05-20,7.244,10.501,11.023,18.451,8.841,10.767
2013-05-21,7.286,10.589,11.175,18.047,9.267,11.093
2013-05-22,7.307,10.65,11.091,18.056,9.228,10.983
2013-05-23,7.086,10.571,10.722,17.868,9.291,10.604
2013-05-24,7.144,10.483,10.823,17.694,9.291,10.569
2013-05-27,7.051,10.386,10.743,17.811,9.185,10.593
2013-05-28,7.459,10.879,10.951,18.583,8.928,10.459
2013-05-29,7.348,10.844,10.839,18.639,9.823,10.709
2013-05-30,7.32,10.835,10.759,18.761,10.148,10.779
2013-05-31,7.248,10.545,10.731,19.702,9.775,10.54
2013-06-03,7.22,10.562,10.626,19.612,9.873,10.226
2013-06-04,7.296,10.439,10.422,19.96,9.462,10.377
2013-06-05,7.186,10.413,10.406,19.664,9.907,10.703
2013-06-06,6.951,10.113,10.462,19.279,9.394,10.761
2013-06-07,6.744,9.867,10.19,18.724,9.57,10.488
2013-06-13,6.488,9.392,9.854,18.569,9.423,10.063
2013-06-14,6.581,9.409,9.866,19.288,9.75,10.138
2013-06-17,6.644,9.092,9.606,19.749,9.692,10.534
2013-06-18,6.813,9.189,10.13,19.485,9.247,10.715
2013-06-19,6.644,8.969,10.202,19.279,9.335,10.785
2013-06-20,6.231,8.731,9.962,19.264,8.832,10.528
2013-06-21,6.287,8.714,10.046,19.744,8.881,10.651
2013-06-24,5.657,7.948,9.638,18.851,8.602,10.191
2013-06-25,5.562,7.79,9.558,18.597,8.832,10.185
2013-06-26,5.44,7.913,9.846,18.644,9.188,10.464
2013-06-27,5.351,8.001,9.998,18.799,8.929,10.581
2013-06-28,5.557,8.67,10.03,18.738,9.042,10.674
2013-07-01,5.434,8.696,9.986,18.813,9.472,11.146
2013-07-02,5.351,8.555,9.894,19.387,9.667,11.676
2013-07-03,5.2,8.327,9.93,19.41,9.535,11.297
2013-07-04,5.222,8.626,10.314,19.358,9.75,11.0
2013-07-05,5.222,8.978,10.306,18.63,9.677,11.169
2013-07-08,5.011,8.802,10.286,18.47,9.408,10.715
2013-07-09,5.016,8.503,10.182,19.123,9.78,10.383
2013-07-10,5.239,9.048,10.358,19.227,10.166,10.499
2013-07-11,5.763,9.488,10.587,19.053,10.264,10.948
2013-07-12,5.763,9.154,10.325,19.467,10.479,10.651
2013-07-15,5.858,9.198,10.233,20.642,11.525,11.053
2013-07-16,5.785,9.198,10.508,20.924,11.73,11.181
2013-07-17,5.652,9.145,10.487,20.228,11.378,10.901
2013-07-18,5.473,8.907,10.208,20.327,11.134,10.726
2013-07-19,5.256,8.415,9.667,20.031,10.899,10.552
2013-07-22,5.25,8.318,9.809,21.018,11.07,10.796
2013-07-23,5.551,8.696,10.084,21.343,11.456,10.919
2013-07-24,5.44,8.441,10.267,21.39,11.241,11.047
2013-07-25,5.468,8.362,10.35,21.489,10.518,10.814
2013-07-26,5.373,8.23,10.612,20.948,10.65,10.435
2013-07-29,5.245,8.054,10.408,21.014,10.792,10.01
2013-07-30,5.395,8.15,10.508,20.722,10.894,10.138
2013-07-31,5.345,8.379,10.837,20.586,11.378,10.08
2013-08-01,5.529,8.573,10.825,20.981,11.525,10.237
2013-08-02,5.473,8.784,10.708,20.962,11.407,10.231
2013-08-05,5.54,8.793,10.904,20.68,11.671,10.307
2013-08-06,5.529,8.74,11.024,21.014,11.647,10.453
2013-08-07,5.534,8.784,11.095,21.63,11.872,10.208
2013-08-08,5.512,8.617,11.233,21.531,11.72,10.068
2013-08-09,5.49,8.582,11.241,21.489,11.442,9.94
2013-08-12,5.757,8.916,11.445,21.526,11.613,10.377
2013-08-13,5.852,8.943,11.308,21.075,12.106,10.377
2013-08-14,5.813,8.881,11.324,20.623,11.925,10.464
2013-08-15,5.685,8.723,11.241,20.031,12.624,10.249
2013-08-16,5.897,8.705,11.158,19.664,12.448,10.086
2013-08-19,6.014,8.767,11.657,20.059,12.663,10.231
2013-08-20,6.131,8.591,11.657,19.796,12.336,10.569
2013-08-21,6.081,8.45,11.245,19.871,12.238,10.499
2013-08-22,6.103,8.432,11.253,19.786,12.096,10.435
2013-08-23,5.919,8.415,10.825,19.547,12.453,10.319
2013-08-26,6.075,8.555,10.991,19.81,12.468,10.517
2013-08-27,6.064,8.476,10.945,20.05,12.243,10.575
2013-08-28,5.925,8.318,10.837,19.815,11.911,10.365
2013-08-29,5.93,8.344,10.729,19.819,11.911,10.179
2013-08-30,5.913,8.327,10.854,19.41,11.461,10.074
2013-09-02,5.992,8.177,10.72,19.434,11.461,10.406
2013-09-03,6.242,8.547,10.825,20.083,11.461,10.82
2013-09-04,6.175,8.476,10.895,20.153,11.461,10.715
2013-09-05,6.148,8.503,10.733,19.617,11.461,10.709
2013-09-06,6.148,8.406,10.616,19.749,11.461,11.064
2013-09-09,6.761,8.749,10.741,19.758,12.15,11.128
2013-09-10,6.933,8.872,11.037,19.128,12.292,11.303
2013-09-11,7.073,9.004,11.074,18.865,12.321,11.309
2013-09-12,7.508,8.995,11.22,18.846,12.219,10.901
2013-09-13,7.363,8.925,11.22,19.485,11.916,10.988
2013-09-16,7.357,8.731,10.891,19.739,11.911,10.959
2013-09-17,7.129,8.45,10.754,19.669,11.877,10.773
2013-09-18,7.129,8.476,10.7,19.796,11.588,10.645
2013-09-23,7.179,8.529,10.987,20.266,11.74,11.047
2013-09-24,6.839,8.274,10.908,20.666,11.515,11.251
2013-09-25,6.705,8.089,11.865,20.134,11.632,10.907
2013-09-26,6.499,7.93,11.308,20.463,11.534,10.703
2013-09-27,6.632,7.974,11.353,21.042,11.481,10.703
2013-09-30,6.621,8.036,11.058,20.642,11.74,10.715
2013-10-08,6.805,8.406,11.008,20.689,11.661,10.843
2013-10-09,6.995,8.265,11.016,20.971,12.38,10.651
2013-10-10,6.844,8.283,11.278,20.431,12.439,10.389
2013-10-11,7.073,8.309,11.274,20.252,13.137,10.453
2013-10-14,6.961,8.098,11.616,20.045,13.783,10.377
2013-10-15,6.805,8.089,11.682,20.045,13.66,10.47
2013-10-16,6.694,7.983,11.253,19.73,12.976,10.173
2013-10-17,6.688,7.983,11.22,19.509,13.05,10.138
2013-10-18,6.8,8.071,11.241,19.415,13.006,10.109
2013-10-21,6.872,8.08,11.611,21.15,13.66,10.354
2013-10-22,6.716,7.992,11.349,20.854,12.688,10.383
2013-10-23,7.011,7.983,11.295,20.487,12.864,10.441
2013-10-24,7.246,7.886,11.632,20.003,12.536,10.418
2013-10-25,7.485,7.834,11.77,19.923,12.561,10.348
2013-10-28,7.318,7.684,12.09,20.031,12.952,9.999
2013-10-29,7.87,7.79,12.261,20.289,13.225,9.457
2013-10-30,8.026,7.992,13.014,21.159,13.646,9.504
2013-10-31,7.747,8.106,12.823,20.755,13.392,9.311
2013-11-01,7.73,8.265,12.74,20.595,13.572,9.486
2013-11-04,7.558,8.098,12.848,19.895,13.915,9.544
2013-11-05,7.613,8.098,12.436,19.664,13.851,9.655
2013-11-06,7.329,7.939,12.198,19.363,13.392,9.608
2013-11-07,7.396,7.895,12.078,19.457,13.46,9.3
2013-11-08,7.429,7.807,12.028,18.804,13.48,9.375
2013-11-11,7.468,7.666,11.994,19.608,13.26,9.311
2013-11-12,7.831,7.754,12.286,19.514,13.142,9.317
2013-11-13,7.429,7.71,12.053,19.232,13.03,9.166
2013-11-14,7.324,7.649,12.173,19.321,13.489,9.078
2013-11-15,7.446,7.842,12.448,19.33,13.651,9.183
2013-11-18,7.853,8.098,12.644,18.931,13.856,9.498
2013-11-19,7.703,7.992,12.452,18.761,13.734,9.282
2013-11-20,7.797,8.01,12.627,19.199,13.714,9.183
2013-11-21,7.769,7.772,12.81,19.279,14.614,9.311
2013-11-22,7.619,7.658,12.869,19.33,14.609,9.236
2013-11-25,7.524,7.578,13.002,19.373,14.565,9.329
2013-11-26,7.508,7.517,13.031,19.02,14.428,9.538
2013-11-27,7.563,7.534,12.844,18.714,14.565,9.987
2013-11-28,7.591,7.649,12.981,18.808,14.364,9.975
2013-11-29,7.58,7.71,12.989,18.987,14.218,9.999
2013-12-02,7.664,7.534,12.598,18.964,13.372,9.835
2013-12-03,7.547,7.614,12.856,19.302,13.641,10.179
2013-12-04,7.58,7.693,13.218,19.495,13.695,10.523
2013-12-05,7.485,7.693,13.248,20.031,13.216,10.691
2013-12-06,7.407,7.631,13.481,19.956,13.094,10.569
2013-12-09,7.351,7.587,13.855,19.636,13.553,10.528
2013-12-10,7.407,7.631,13.947,19.683,13.797,10.575
2013-12-11,7.156,7.517,13.689,19.509,13.876,10.284
2013-12-12,7.09,7.508,13.572,19.514,13.607,10.383
2013-12-13,6.995,7.517,14.276,19.514,13.294,10.593
2013-12-16,7.106,7.42,13.893,19.749,12.756,10.633
2013-12-17,7.09,7.279,13.443,20.087,12.551,10.569
2013-12-18,7.112,7.27,13.468,20.045,12.6,10.325
2013-12-19,6.967,7.165,13.452,20.28,12.326,10.214
2013-12-20,6.638,6.909,12.698,20.144,12.316,9.911
2013-12-23,6.66,6.857,13.36,21.197,12.561,10.162
2013-12-24,6.521,6.892,13.547,21.197,12.786,10.202
2013-12-25,6.532,6.962,13.635,21.183,13.069,10.336
2013-12-26,6.382,6.865,13.173,22.119,12.771,10.261
2013-12-27,6.549,7.068,13.385,21.865,12.893,10.424
2013-12-30,6.543,6.918,13.493,21.625,12.756,10.098
2013-12-31,6.828,7.068,13.597,21.63,12.888,10.226
2014-01-02,6.816,7.033,13.356,22.899,13.113,10.202
2014-01-03,6.649,6.901,12.902,23.04,12.854,10.278
2014-01-06,6.504,6.584,12.498,22.664,13.475,10.068
2014-01-07,6.482,6.54,12.477,22.438,13.269,10.086
2014-01-08,6.554,6.531,12.556,23.746,13.089,9.969
2014-01-09,6.588,6.566,12.265,23.651,12.918,9.911
2014-01-10,6.588,6.496,12.273,23.322,12.497,9.882
2014-01-13,6.465,6.373,11.803,22.626,12.233,10.028
2014-01-14,6.532,6.364,12.169,23.134,12.302,10.371
2014-01-15,6.504,6.311,12.219,23.482,12.356,10.593
2014-01-16,6.515,6.329,11.99,23.51,12.14,10.715
2014-01-17,6.398,6.232,11.686,23.134,11.417,10.645
2014-01-20,6.298,6.276,12.311,22.42,11.671,10.243
2014-01-21,6.332,6.355,12.344,22.203,11.329,10.301
2014-01-22,6.571,6.707,12.656,22.57,11.984,10.534
2014-01-23,6.521,6.593,12.606,22.1,11.974,10.761
2014-01-24,6.499,6.857,12.49,22.965,12.468,10.593
2014-01-27,6.348,6.733,12.074,21.489,12.219,10.464
2014-01-28,6.41,6.725,12.157,21.836,11.774,10.587
2014-01-29,6.443,6.637,11.94,22.288,11.808,10.575
2014-01-30,6.354,6.496,11.807,21.686,11.833,10.447
2014-02-07,6.343,6.522,11.969,22.297,11.999,10.488
2014-02-10,6.449,6.61,12.307,23.416,12.268,11.297
2014-02-11,6.688,6.645,12.457,23.976,12.238,11.233
2014-02-12,6.655,6.619,12.94,23.327,12.737,11.023
2014-02-13,6.811,6.522,13.214,22.542,12.404,11.326
2014-02-14,6.733,6.487,13.169,23.736,12.732,11.408
2014-02-17,6.671,6.487,13.139,24.169,12.751,11.518
2014-02-18,6.499,6.399,13.052,24.263,12.463,11.157
2014-02-19,6.688,6.487,13.302,23.346,12.365,10.965
2014-02-20,6.554,6.443,12.885,22.711,12.414,10.726
2014-02-21,6.465,6.302,12.698,23.167,12.253,10.75
2014-02-24,6.22,5.888,11.811,23.463,11.407,10.202
2014-02-25,6.142,5.783,11.566,22.335,10.997,9.952
2014-02-26,6.192,5.88,11.686,22.523,10.889,10.01
2014-02-27,6.265,5.8,10.974,21.536,10.938,10.243
2014-02-28,6.203,5.915,11.553,21.122,11.266,10.54
2014-03-03,6.153,5.844,11.711,21.338,11.51,10.884
2014-03-04,6.12,6.091,11.657,20.938,11.407,10.243
2014-03-05,5.964,5.95,11.399,20.351,10.86,10.127
2014-03-06,6.003,6.443,11.632,20.031,11.134,10.092
2014-03-07,6.019,6.399,11.557,20.351,10.997,10.284
2014-03-10,5.746,6.293,11.324,19.655,10.459,9.952
2014-03-11,5.707,6.601,11.57,20.172,10.225,9.952
2014-03-12,5.769,6.689,11.724,20.586,10.879,9.754
2014-03-13,5.886,6.786,11.645,20.478,10.684,9.783
2014-03-14,5.752,6.628,11.487,20.44,10.752,9.556
2014-03-17,5.835,6.83,11.591,20.341,10.826,9.783
2014-03-18,5.785,6.689,11.407,20.163,10.464,9.742
2014-03-19,5.707,6.601,11.199,20.125,10.435,9.306
2014-03-20,5.629,6.61,11.016,19.655,10.464,8.863
2014-03-21,6.014,7.05,11.291,20.595,10.792,9.067
2014-03-24,6.014,7.094,11.162,20.059,11.481,9.009
2014-03-25,5.908,7.024,11.299,20.073,11.295,9.236
2014-03-26,5.964,6.909,11.295,21.39,11.187,9.544
2014-03-27,6.003,7.024,11.133,20.854,11.051,9.469
2014-03-28,6.008,7.147,11.491,20.854,11.085,9.358
2014-03-31,6.003,7.121,11.657,21.15,11.231,9.352
2014-04-01,6.019,7.112,11.79,21.141,11.173,9.428
2014-04-02,6.081,7.297,11.745,20.51,11.168,9.265
2014-04-03,6.003,7.129,11.616,19.744,11.617,9.247
2014-04-04,6.014,7.138,11.853,19.843,11.837,9.306
2014-04-08,6.287,7.173,12.278,20.2,11.818,9.41
2014-04-09,6.237,7.085,12.469,20.125,12.116,9.492
2014-04-10,6.332,7.085,12.577,20.327,11.74,9.573
2014-04-11,6.354,6.997,13.035,20.219,11.769,9.806
2014-04-14,6.287,6.98,12.948,20.642,11.974,9.835
2014-04-15,6.114,6.83,12.54,20.924,11.95,9.835
2014-04-16,6.125,6.927,12.673,20.478,11.72,9.835
2014-04-17,6.075,6.821,12.432,20.915,11.745,9.835
2014-04-18,6.019,6.848,12.357,21.489,11.666,9.835
2014-04-21,5.958,6.742,12.082,21.681,11.534,9.835
2014-04-22,6.164,6.813,12.282,21.639,11.388,9.835
2014-04-23,6.298,6.865,12.602,21.155,11.578,9.835
2014-04-24,6.259,7.033,12.427,21.061,11.749,9.835
2014-04-25,6.27,6.989,12.269,20.774,11.095,9.835
2014-04-28,6.148,7.015,12.178,20.125,11.168,9.835
2014-04-29,6.22,6.989,12.686,21.047,11.559,9.835
2014-04-30,6.209,6.953,12.536,21.55,11.825,9.835
2014-05-05,6.125,6.813,12.515,21.451,11.692,9.835
2014-05-06,6.103,6.857,12.461,21.474,11.909,9.835
2014-05-07,6.047,6.927,12.182,21.63,11.667,9.835
2014-05-08,6.092,6.825,12.161,22.227,11.514,9.835
2014-05-09,6.159,6.741,12.286,21.996,10.997,9.835
2014-05-12,6.32,6.797,12.369,22.006,11.253,9.835
2014-05-13,6.259,6.992,12.257,21.752,11.169,9.835
2014-05-14,6.304,7.085,12.236,22.57,11.445,9.835
2014-05-15,6.237,7.038,12.173,22.565,11.204,9.835
2014-05-16,6.281,7.15,12.248,22.335,11.204,9.835
2014-05-19,6.281,7.141,12.111,22.241,11.076,9.835
2014-05-20,6.265,7.187,12.165,21.442,11.125,9.835
2014-05-21,6.315,7.187,12.194,22.702,11.022,9.835
2014-05-22,6.348,7.326,12.173,22.123,11.16,9.207
2014-05-23,6.454,7.568,12.198,22.805,11.293,8.904
2014-05-26,6.454,7.531,12.44,22.932,11.667,9.205
2014-05-27,6.454,7.586,12.436,22.537,11.672,9.584
2014-05-28,6.465,7.846,12.844,22.659,11.84,9.578
2014-05-29,6.41,7.93,12.865,22.815,11.81,9.428
2014-05-30,6.41,7.939,12.89,23.12,11.756,9.337
